id,first_name,last_name,email,gender,ip_address
1,Kingsley,Chorlton,kchorlton0@networkadvertising.org,Male,205.163.110.89
2,Anabel,Billanie,abillanie1@nydailynews.com,Polygender,104.67.33.250
3,Miller,Banister,mbanister2@slideshare.net,Female,229.236.129.124
4,Daisi,Quainton,dquainton3@livejournal.com,Non-binary,229.205.96.119
5,Giorgia,Temblett,gtemblett4@admin.ch,Agender,187.30.67.187
6,Rhys,Anstis,ranstis5@google.pl,Non-binary,144.250.186.181
7,Marylin,Keford,mkeford6@answers.com,Female,83.78.179.145
8,Ogdon,Skeleton,oskeleton7@over-blog.com,Agender,213.89.231.81
9,Gabriela,Pedrol,gpedrol8@skype.com,Agender,25.60.87.97
10,Chalmers,Wain,cwain9@amazon.com,Genderqueer,112.247.144.95
11,Allie,Purton,apurtona@i2i.jp,Genderqueer,239.249.62.3
12,Esme,Alen,ealenb@discuz.net,Female,83.170.117.135
13,Vincenz,Ambridge,vambridgec@vk.com,Genderfluid,225.111.31.187
14,Zuzana,Drayton,zdraytond@mysql.com,Genderqueer,97.218.251.108
15,Oliver,Wilman,owilmane@usgs.gov,Male,174.26.20.161
16,Gwenore,Salvadori,gsalvadorif@sbwire.com,Non-binary,167.120.210.127
17,Lindsey,Restill,lrestillg@examiner.com,Bigender,47.161.142.101
18,Conroy,Scranney,cscranneyh@ftc.gov,Agender,83.94.103.182
19,Trey,McSharry,tmcsharryi@spotify.com,Female,150.65.42.218
20,Floyd,Levy,flevyj@quantcast.com,Non-binary,117.130.22.71
21,Gilles,Bramelt,gbrameltk@blinklist.com,Genderqueer,75.188.47.103
22,Latrena,Dilnot,ldilnotl@dot.gov,Bigender,57.144.150.98
23,Wanids,Toor,wtoorm@google.com,Bigender,194.19.217.98
24,Winnifred,O'Loughane,woloughanen@nature.com,Male,85.2.204.154
25,Patin,Gillis,pgilliso@marriott.com,Female,185.41.164.148
26,Steffie,Sutlieff,ssutlieffp@pen.io,Polygender,107.91.78.89
27,Raddie,Clarridge,rclarridgeq@boston.com,Polygender,34.104.27.112
28,Vernen,Garraway,vgarrawayr@artisteer.com,Female,206.176.88.247
29,Andriette,Trenoweth,atrenoweths@theglobeandmail.com,Non-binary,110.217.96.205
30,Arabelle,Seemmonds,aseemmondst@newsvine.com,Male,130.138.72.69
31,Haily,Bauser,hbauseru@answers.com,Polygender,232.83.161.178
32,Evin,Trownson,etrownsonv@storify.com,Polygender,151.68.226.201
33,Aeriela,Irvin,airvinw@devhub.com,Genderqueer,65.237.157.25
34,Shelton,Martinet,smartinetx@ox.ac.uk,Polygender,139.236.130.129
35,Danice,Makin,dmakiny@exblog.jp,Male,204.72.44.210
36,Pattin,Vaun,pvaunz@auda.org.au,Genderfluid,44.26.57.116
37,Debor,Spooner,dspooner10@pagesperso-orange.fr,Agender,226.30.218.229
38,Cirstoforo,Stieger,cstieger11@ucsd.edu,Agender,42.183.63.162
39,Talbot,Vedenyapin,tvedenyapin12@g.co,Polygender,74.197.216.113
40,Harri,Pow,hpow13@chicagotribune.com,Female,175.185.116.91
41,Benyamin,Minshaw,bminshaw14@vistaprint.com,Agender,52.222.213.73
42,Joete,Lovelock,jlovelock15@trellian.com,Genderqueer,46.236.36.116
43,Lanette,Giannazzo,lgiannazzo16@google.cn,Bigender,145.60.2.197
44,Sanders,Cortes,scortes17@washington.edu,Genderqueer,111.38.100.60
45,Evita,Filipson,efilipson18@liveinternet.ru,Agender,252.66.234.36
46,Abraham,Lenin,alenin19@uiuc.edu,Polygender,214.127.130.19
47,Phil,Rummins,prummins1a@ow.ly,Polygender,165.112.1.189
48,Clarie,Van der Kruys,cvanderkruys1b@guardian.co.uk,Genderqueer,73.235.202.178
49,Dorey,Ivell,divell1c@cbslocal.com,Male,55.128.147.25
50,Nick,Farthing,nfarthing1d@bloomberg.com,Genderfluid,121.175.225.172
51,Alfie,Lantaph,alantaph1e@nytimes.com,Female,196.12.241.168
52,Loreen,Bogies,lbogies1f@php.net,Genderfluid,230.157.187.223
53,Nanette,Selly,nselly1g@mlb.com,Female,174.133.102.187
54,Jacklyn,Richt,jricht1h@scribd.com,Female,159.123.139.158
55,Cindy,Basley,cbasley1i@myspace.com,Bigender,117.213.235.3
56,Kendell,Plaster,kplaster1j@apple.com,Non-binary,154.223.57.85
57,Angelle,Rawe,arawe1k@github.com,Female,48.114.103.183
58,Eleanora,Sturgis,esturgis1l@blogs.com,Genderfluid,253.255.158.221
59,Tymothy,Geldard,tgeldard1m@ehow.com,Polygender,87.100.253.227
60,Elisabeth,Wilkes,ewilkes1n@bing.com,Genderfluid,2.91.81.24
61,Alfons,Dreghorn,adreghorn1o@cloudflare.com,Genderfluid,71.92.172.223
62,Bernette,Ridhole,bridhole1p@scientificamerican.com,Male,41.40.186.42
63,Layton,Youd,lyoud1q@list-manage.com,Female,37.236.209.12
64,Rhodia,Fairbourne,rfairbourne1r@livejournal.com,Polygender,15.85.44.98
65,Woody,Trebble,wtrebble1s@biblegateway.com,Genderfluid,47.44.46.141
66,Jasen,Jaze,jjaze1t@hexun.com,Male,73.213.57.50
67,Oswell,Bonifas,obonifas1u@joomla.org,Male,100.39.13.218
68,Irene,Kennelly,ikennelly1v@dyndns.org,Agender,36.168.60.71
69,Yettie,Connors,yconnors1w@4shared.com,Agender,35.12.20.123
70,Jo,Clare,jclare1x@mediafire.com,Genderfluid,18.19.78.185
71,Remus,Bentinck,rbentinck1y@state.gov,Polygender,230.204.104.245
72,Ody,Beddoe,obeddoe1z@themeforest.net,Genderfluid,119.104.177.21
73,Rosabel,Balducci,rbalducci20@homestead.com,Male,125.220.246.220
74,Ninetta,Hizir,nhizir21@pagesperso-orange.fr,Non-binary,179.223.192.238
75,Philippe,Ales0,pales22@un.org,Non-binary,203.24.106.212
76,Kirbee,Pimblotte,kpimblotte23@craigslist.org,Bigender,234.214.100.68
77,Leo,Jimenez,ljimenez24@gov.uk,Male,38.144.178.9
78,Cassaundra,Fairey,cfairey25@ucsd.edu,Genderqueer,177.114.87.226
79,Claribel,Fannon,cfannon26@businessweek.com,Non-binary,47.141.151.210
80,Ynes,Salmoni,ysalmoni27@yale.edu,Genderqueer,216.121.156.176
81,Merell,Daburn,mdaburn28@yahoo.com,Genderqueer,20.216.31.95
82,Luce,Bummfrey,lbummfrey29@webeden.co.uk,Genderqueer,109.152.202.144
83,Bella,Walmsley,bwalmsley2a@nifty.com,Male,204.10.6.226
84,Krispin,Munnis,kmunnis2b@house.gov,Bigender,192.194.61.170
85,Mateo,Steely,msteely2c@gizmodo.com,Non-binary,99.0.202.8
86,Vivie,Orrett,vorrett2d@miitbeian.gov.cn,Genderqueer,181.25.0.105
87,Meaghan,Howler,mhowler2e@opera.com,Agender,107.74.122.149
88,Efren,Isbell,eisbell2f@wunderground.com,Genderqueer,176.161.212.103
89,Genevra,Kuhn,gkuhn2g@youtu.be,Male,60.217.5.215
90,Sigismond,Bashford,sbashford2h@4shared.com,Genderfluid,84.201.94.25
91,William,Plail,wplail2i@pinterest.com,Polygender,35.160.208.128
92,Almire,Styles,astyles2j@reverbnation.com,Genderfluid,161.185.99.18
93,Seumas,Blanch,sblanch2k@ask.com,Polygender,180.221.133.228
94,Maxy,Absolom,mabsolom2l@businessinsider.com,Female,238.133.20.34
95,Rhianon,Emberson,remberson2m@narod.ru,Polygender,209.113.232.217
96,Jehu,Kears,jkears2n@linkedin.com,Genderfluid,221.17.40.161
97,Nettie,Hebblewhite,nhebblewhite2o@vkontakte.ru,Agender,213.210.24.77
98,Jeramie,Semerad,jsemerad2p@cpanel.net,Agender,156.112.196.167
99,Elene,Lawlan,elawlan2q@nhs.uk,Female,180.113.236.46
100,Viviene,Soggee,vsoggee2r@msu.edu,Polygender,112.184.254.125
101,Mandel,Spenceley,mspenceley2s@springer.com,Male,64.193.130.26
102,Xavier,Safhill,xsafhill2t@infoseek.co.jp,Polygender,143.12.67.151
103,Moritz,Shakspeare,mshakspeare2u@patch.com,Male,234.130.145.178
104,Melba,Nisuis,mnisuis2v@who.int,Male,250.68.122.92
105,Sharity,Aves,saves2w@networkadvertising.org,Male,205.146.246.112
106,Riley,Ash,rash2x@cnn.com,Genderfluid,65.225.173.91
107,Jeanine,Rosewell,jrosewell2y@facebook.com,Female,30.132.151.149
108,Derrek,Leither,dleither2z@harvard.edu,Genderqueer,29.91.139.128
109,Holly,Skurm,hskurm30@bigcartel.com,Agender,76.192.198.55
110,Kamilah,Izakof,kizakof31@upenn.edu,Genderfluid,31.50.186.112
111,Vasily,Ilyinykh,vilyinykh32@4shared.com,Male,228.10.47.110
112,Mara,Dugdale,mdugdale33@quantcast.com,Non-binary,43.254.191.241
113,Sindee,Millgate,smillgate34@sphinn.com,Genderqueer,36.34.28.153
114,Jefferson,Ninnotti,jninnotti35@ucla.edu,Genderfluid,215.27.196.191
115,Dillon,Knutsen,dknutsen36@seesaa.net,Bigender,121.150.160.218
116,Caz,Cobden,ccobden37@privacy.gov.au,Polygender,213.243.98.135
117,Wilhelmine,Kedge,wkedge38@amazon.com,Polygender,230.109.82.46
118,Reed,Chatelot,rchatelot39@amazon.co.jp,Non-binary,4.45.185.34
119,Shalom,Chilley,schilley3a@1688.com,Polygender,36.194.252.69
120,Belia,Duffy,bduffy3b@msn.com,Male,46.224.130.156
121,Almeta,Calveley,acalveley3c@sakura.ne.jp,Polygender,33.148.109.99
122,Tracy,MacLardie,tmaclardie3d@salon.com,Non-binary,248.204.199.150
123,Danita,Aleshkov,daleshkov3e@homestead.com,Female,119.187.23.66
124,Putnem,Beney,pbeney3f@eepurl.com,Bigender,19.223.143.177
125,Abeu,Calvie,acalvie3g@people.com.cn,Female,58.64.152.35
126,Harmon,Dzenisenka,hdzenisenka3h@google.it,Agender,212.21.143.51
127,Kristal,Knellen,kknellen3i@myspace.com,Bigender,151.167.241.208
128,Helene,Birkmyr,hbirkmyr3j@sitemeter.com,Polygender,45.140.204.162
129,Cammy,Tieman,ctieman3k@mediafire.com,Genderfluid,221.57.116.108
130,Marie,Beasant,mbeasant3l@people.com.cn,Polygender,100.252.174.46
131,Erin,Lilleyman,elilleyman3m@chron.com,Agender,254.131.209.94
132,Jessie,Jukes,jjukes3n@canalblog.com,Agender,117.183.234.88
133,Davin,Sterre,dsterre3o@nymag.com,Female,153.23.77.122
134,Mitchell,Gerritzen,mgerritzen3p@trellian.com,Bigender,245.38.180.209
135,Felicdad,Rudkin,frudkin3q@sohu.com,Agender,149.174.60.158
136,Kordula,Blaydes,kblaydes3r@dailymail.co.uk,Genderfluid,17.111.255.131
137,Marilyn,Phinn,mphinn3s@prlog.org,Polygender,91.10.101.91
138,Rickie,Di Ruggero,rdiruggero3t@webmd.com,Agender,118.95.215.127
139,Moreen,Maynell,mmaynell3u@hp.com,Female,29.0.131.249
140,Towney,Calderonello,tcalderonello3v@over-blog.com,Agender,111.159.158.251
141,Stephan,Sterndale,ssterndale3w@weebly.com,Agender,189.187.107.138
142,Patton,Joy,pjoy3x@buzzfeed.com,Bigender,133.26.126.245
143,Lynsey,Worsnap,lworsnap3y@jalbum.net,Genderfluid,202.64.131.92
144,Armando,Rookwell,arookwell3z@ibm.com,Bigender,49.42.102.16
145,Helyn,Secombe,hsecombe40@51.la,Bigender,222.219.169.38
146,Diahann,Ondrich,dondrich41@dedecms.com,Genderqueer,55.67.141.88
147,Glyn,Etienne,getienne42@yellowpages.com,Agender,19.201.254.24
148,Florian,Stiggers,fstiggers43@timesonline.co.uk,Genderqueer,115.28.106.158
149,Calhoun,Antrim,cantrim44@miitbeian.gov.cn,Genderfluid,160.74.80.22
150,Janene,Prendeguest,jprendeguest45@networksolutions.com,Polygender,250.99.27.23
151,Jodi,Errey,jerrey46@omniture.com,Agender,103.105.83.2
152,Brad,Hopkins,bhopkins47@cargocollective.com,Male,40.98.47.220
153,Nessi,Drohun,ndrohun48@eventbrite.com,Male,229.88.243.16
154,Dunc,Corrison,dcorrison49@gizmodo.com,Bigender,138.141.7.96
155,Ginnifer,Baillie,gbaillie4a@nasa.gov,Male,70.191.252.205
156,Noellyn,Pena,npena4b@example.com,Genderfluid,222.94.144.115
157,Barrie,Hackley,bhackley4c@lulu.com,Bigender,72.127.45.21
158,Neill,Hugli,nhugli4d@state.tx.us,Male,182.72.118.143
159,Adrien,Matous,amatous4e@businessweek.com,Female,239.38.111.158
160,Shandeigh,Gow,sgow4f@china.com.cn,Agender,23.62.149.111
161,Tandi,Wraith,twraith4g@diigo.com,Genderqueer,122.68.106.162
162,Guillaume,Fussie,gfussie4h@icio.us,Female,124.40.138.89
163,Wells,Loomes,wloomes4i@walmart.com,Genderfluid,34.76.121.28
164,Mallory,Maslen,mmaslen4j@berkeley.edu,Genderqueer,93.226.21.173
165,Ripley,Fourcade,rfourcade4k@europa.eu,Female,96.90.221.252
166,Stavro,Dawidowicz,sdawidowicz4l@soup.io,Male,221.70.14.177
167,Rabbi,Zorener,rzorener4m@indiegogo.com,Agender,59.89.33.182
168,Mina,Leates,mleates4n@gravatar.com,Female,103.82.56.171
169,Esther,Josipovitz,ejosipovitz4o@mtv.com,Agender,9.85.72.164
170,Jaquelin,Fraczak,jfraczak4p@friendfeed.com,Polygender,58.36.148.111
171,Blanca,Jeannet,bjeannet4q@yellowbook.com,Polygender,86.42.132.4
172,Richmond,Brookwell,rbrookwell4r@youtu.be,Genderfluid,104.127.33.132
173,Meade,Kenyon,mkenyon4s@examiner.com,Male,238.167.220.41
174,Dana,Muzzlewhite,dmuzzlewhite4t@intel.com,Male,24.251.135.255
175,Gothart,Fredi,gfredi4u@t-online.de,Agender,106.123.136.173
176,Susann,MacParland,smacparland4v@blogs.com,Genderqueer,177.181.148.64
177,Cindee,Sinncock,csinncock4w@blogger.com,Non-binary,38.114.140.97
178,Arlen,Beresford,aberesford4x@about.me,Genderqueer,245.33.34.199
179,Margarita,Wey,mwey4y@wiley.com,Genderqueer,48.62.159.77
180,Rahal,Dumsday,rdumsday4z@jimdo.com,Agender,95.54.141.228
181,Lotty,Winter,lwinter50@webnode.com,Non-binary,106.89.25.37
182,Verna,Jotham,vjotham51@cdbaby.com,Bigender,121.81.58.146
183,Sophronia,Cominello,scominello52@cocolog-nifty.com,Genderqueer,153.5.64.187
184,Kipp,Quixley,kquixley53@slate.com,Female,107.21.103.107
185,Patrica,Beauchamp,pbeauchamp54@plala.or.jp,Polygender,78.128.179.231
186,Kristien,Scanlon,kscanlon55@unblog.fr,Genderqueer,64.31.20.106
187,Robbyn,Oley,roley56@simplemachines.org,Polygender,133.160.46.116
188,Christa,Libreros,clibreros57@bluehost.com,Male,97.139.74.230
189,Louella,Mora,lmora58@macromedia.com,Bigender,240.95.54.45
190,Verine,Stallwood,vstallwood59@ow.ly,Bigender,128.184.146.68
191,Lowell,Holbie,lholbie5a@harvard.edu,Male,179.172.60.149
192,Padraig,Lycett,plycett5b@soup.io,Non-binary,100.95.104.125
193,Cornelia,Idill,cidill5c@reuters.com,Bigender,240.232.28.217
194,Eustace,Heijne,eheijne5d@naver.com,Female,57.48.125.27
195,Rodolphe,Dethloff,rdethloff5e@sbwire.com,Agender,55.219.30.138
196,Berny,Veysey,bveysey5f@bluehost.com,Female,191.73.204.42
197,Lianna,Lergan,llergan5g@cargocollective.com,Male,177.239.67.178
198,Burke,Harmon,bharmon5h@un.org,Male,121.133.7.44
199,Arly,Berrisford,aberrisford5i@dell.com,Genderqueer,32.80.129.178
200,Lanita,Upton,lupton5j@hc360.com,Genderfluid,203.69.176.8
201,Hildegarde,Jorissen,hjorissen5k@cocolog-nifty.com,Female,195.119.69.21
202,Courtnay,Arminger,carminger5l@wiley.com,Genderqueer,25.136.72.213
203,Shannen,Glaysher,sglaysher5m@1688.com,Bigender,224.133.148.90
204,Rusty,Hallifax,rhallifax5n@slideshare.net,Agender,37.148.61.38
205,Evangelina,MacColm,emaccolm5o@desdev.cn,Polygender,233.241.230.36
206,Dasya,Hartzogs,dhartzogs5p@yolasite.com,Non-binary,127.192.113.209
207,Devlin,Grigorkin,dgrigorkin5q@mtv.com,Agender,118.89.42.31
208,Sinclare,Esby,sesby5r@ehow.com,Male,174.88.150.250
209,Lottie,Bentote,lbentote5s@angelfire.com,Genderfluid,30.113.4.150
210,Marieann,Durnian,mdurnian5t@cnbc.com,Genderqueer,215.68.237.11
211,Rozalie,Haime,rhaime5u@elegantthemes.com,Male,101.243.47.82
212,Clemence,Greedy,cgreedy5v@europa.eu,Genderqueer,149.209.205.159
213,Florry,Brickell,fbrickell5w@fc2.com,Male,5.202.74.141
214,Nadeen,Wallach,nwallach5x@sina.com.cn,Genderfluid,22.225.70.45
215,Lombard,Reeveley,lreeveley5y@cnn.com,Male,35.32.197.254
216,Meghan,Gourlay,mgourlay5z@is.gd,Non-binary,248.244.0.152
217,Alicea,Faunch,afaunch60@histats.com,Male,0.139.174.211
218,Derrek,Hanvey,dhanvey61@blog.com,Polygender,31.1.207.228
219,Olag,Gager,ogager62@dailymotion.com,Polygender,158.60.100.191
220,Nicol,Morland,nmorland63@rakuten.co.jp,Male,169.141.130.0
221,Isabelle,Kaliszewski,ikaliszewski64@lulu.com,Female,93.211.118.207
222,Nathalia,MacCurlye,nmaccurlye65@bluehost.com,Genderfluid,183.114.162.107
223,Miquela,Coalbran,mcoalbran66@hp.com,Female,195.63.101.26
224,Olympia,Skeen,oskeen67@usa.gov,Agender,100.47.9.45
225,Berry,Whyard,bwhyard68@thetimes.co.uk,Non-binary,23.64.33.216
226,Marnie,Manzell,mmanzell69@forbes.com,Male,166.58.53.244
227,Demetre,Cajkler,dcajkler6a@spiegel.de,Non-binary,120.177.243.127
228,Flory,Rosenauer,frosenauer6b@upenn.edu,Agender,18.222.72.9
229,Anthony,Tidbold,atidbold6c@github.com,Genderfluid,61.172.152.61
230,Ava,Rockliffe,arockliffe6d@ucla.edu,Genderqueer,8.30.22.31
231,Elvis,Tippler,etippler6e@tiny.cc,Male,21.160.244.108
232,Hallie,Antonoyev,hantonoyev6f@360.cn,Male,127.91.203.170
233,Howie,Luck,hluck6g@indiatimes.com,Male,235.203.162.129
234,Theresita,Flott,tflott6h@biglobe.ne.jp,Genderfluid,36.85.218.225
235,Barnaby,Ochterlonie,bochterlonie6i@etsy.com,Agender,194.128.110.215
236,Shina,Scolli,sscolli6j@nydailynews.com,Male,2.135.176.132
237,Tallou,Dobkin,tdobkin6k@huffingtonpost.com,Genderfluid,77.41.78.7
238,Kelly,Mathou,kmathou6l@furl.net,Genderqueer,5.202.5.239
239,Carissa,Jocelyn,cjocelyn6m@alexa.com,Bigender,113.28.72.42
240,Jobie,Dun,jdun6n@furl.net,Bigender,42.73.189.240
241,Collen,Farbrace,cfarbrace6o@clickbank.net,Male,165.200.69.250
242,Kellyann,Lanegran,klanegran6p@boston.com,Non-binary,110.128.150.77
243,Jake,Grestye,jgrestye6q@dot.gov,Female,66.160.188.113
244,Chaim,Luney,cluney6r@arizona.edu,Genderqueer,219.200.19.242
245,Gena,Blewett,gblewett6s@google.com.br,Genderfluid,214.21.138.76
246,Tyler,Pfleger,tpfleger6t@prnewswire.com,Female,36.247.29.213
247,Ignacio,MacAllaster,imacallaster6u@telegraph.co.uk,Agender,14.9.228.222
248,Tony,Trenbey,ttrenbey6v@wsj.com,Non-binary,2.210.208.43
249,Leslie,Sheriff,lsheriff6w@fc2.com,Non-binary,42.171.58.138
250,Mab,Sunley,msunley6x@t.co,Male,32.251.83.125
251,Jareb,Gutowska,jgutowska6y@princeton.edu,Bigender,169.117.106.107
252,Marcos,Almey,malmey6z@google.com.br,Genderqueer,255.159.205.79
253,Christoffer,Hagland,chagland70@army.mil,Genderqueer,79.245.73.132
254,Neila,Lattimore,nlattimore71@bizjournals.com,Male,160.30.12.40
255,Bernie,Perrington,bperrington72@hao123.com,Non-binary,206.56.130.154
256,Evangelia,Redholls,eredholls73@google.ca,Bigender,21.193.55.45
257,Mickey,Baile,mbaile74@alibaba.com,Female,51.45.106.185
258,Teddy,Duberry,tduberry75@census.gov,Bigender,5.145.117.219
259,Justus,Burdis,jburdis76@live.com,Bigender,83.186.58.248
260,Caty,Burwell,cburwell77@livejournal.com,Polygender,38.233.53.77
261,Rae,Harnetty,rharnetty78@wikispaces.com,Male,137.172.153.6
262,Leisha,Handford,lhandford79@prnewswire.com,Bigender,223.162.195.153
263,Thornie,Kullmann,tkullmann7a@hhs.gov,Non-binary,48.27.66.51
264,Davin,Monshall,dmonshall7b@google.ca,Genderfluid,58.81.224.105
265,Elijah,Magee,emagee7c@hud.gov,Bigender,4.78.138.25
266,Ulrich,Malacrida,umalacrida7d@hatena.ne.jp,Male,77.97.62.253
267,Marty,Benmore,mbenmore7e@about.com,Non-binary,48.35.68.78
268,Fanechka,Bricklebank,fbricklebank7f@blogger.com,Bigender,88.18.254.79
269,Nicolette,Clemonts,nclemonts7g@house.gov,Non-binary,15.35.204.204
270,Gawen,Lum,glum7h@businessweek.com,Agender,180.144.176.172
271,Garrek,Feckey,gfeckey7i@mit.edu,Female,49.171.197.63
272,Page,Kittles,pkittles7j@clickbank.net,Female,20.29.195.151
273,Alric,Frisdick,afrisdick7k@digg.com,Polygender,37.228.152.62
274,Gavrielle,Parsall,gparsall7l@fema.gov,Genderfluid,43.35.101.34
275,Lacey,Whitecross,lwhitecross7m@ning.com,Polygender,226.238.200.37
276,Arturo,Lownie,alownie7n@mail.ru,Non-binary,165.7.223.38
277,Nollie,Crookes,ncrookes7o@nps.gov,Polygender,5.49.25.58
278,Janine,Whitington,jwhitington7p@imgur.com,Genderqueer,228.1.114.133
279,Carling,Etherington,cetherington7q@woothemes.com,Female,62.188.212.187
280,Stanislaus,Ilden,silden7r@sun.com,Genderqueer,88.33.140.242
281,Dolorita,Begg,dbegg7s@gmpg.org,Male,95.205.30.253
282,Levin,Slavin,lslavin7t@nih.gov,Polygender,168.204.37.252
283,Sadella,Sertin,ssertin7u@over-blog.com,Female,53.169.224.48
284,Salvidor,Shoubridge,sshoubridge7v@sitemeter.com,Bigender,99.61.183.207
285,Antonina,Rickasse,arickasse7w@yahoo.com,Female,56.220.52.42
286,Dulce,Lavielle,dlavielle7x@cocolog-nifty.com,Bigender,98.64.214.178
287,Patrica,Ollet,pollet7y@is.gd,Bigender,133.93.106.26
288,Inge,Stones,istones7z@unc.edu,Polygender,160.116.180.96
289,Jaimie,Margetson,jmargetson80@people.com.cn,Female,47.70.8.203
290,Mellisa,Vant,mvant81@usatoday.com,Polygender,209.80.97.249
291,Godfree,Toombes,gtoombes82@eventbrite.com,Male,87.31.246.30
292,Niels,Antonat,nantonat83@cnn.com,Bigender,79.77.60.50
293,Clemmie,Coppen,ccoppen84@examiner.com,Non-binary,182.193.45.161
294,Abigail,Ferdinand,aferdinand85@dailymotion.com,Non-binary,7.206.254.42
295,Regan,Maase,rmaase86@deliciousdays.com,Agender,248.208.68.241
296,Tannie,Sneesbie,tsneesbie87@amazon.co.jp,Agender,141.127.88.186
297,Alejandro,Heatlie,aheatlie88@ucoz.com,Bigender,76.197.97.131
298,Templeton,Huyghe,thuyghe89@mayoclinic.com,Agender,104.165.68.225
299,Madella,Wallington,mwallington8a@163.com,Female,86.133.3.174
300,Rosetta,Derges,rderges8b@cam.ac.uk,Agender,228.224.87.252
301,Diana,Bolletti,dbolletti8c@wikipedia.org,Male,78.139.16.94
302,Elia,Longbothom,elongbothom8d@homestead.com,Female,240.182.0.82
303,Julia,Gosswell,jgosswell8e@dion.ne.jp,Genderqueer,82.169.111.48
304,Jolynn,Mattam,jmattam8f@ted.com,Agender,230.72.150.149
305,Caressa,Lazare,clazare8g@cdbaby.com,Bigender,146.96.116.172
306,Hedvig,Shorie,hshorie8h@msu.edu,Polygender,230.190.232.64
307,Ranice,Rossetti,rrossetti8i@cornell.edu,Bigender,202.136.224.13
308,Pearce,Twine,ptwine8j@printfriendly.com,Polygender,58.152.225.99
309,Purcell,Hucker,phucker8k@clickbank.net,Genderqueer,165.180.101.54
310,Aldric,Revel,arevel8l@vk.com,Genderfluid,85.182.209.18
311,Kippie,Cerith,kcerith8m@feedburner.com,Genderqueer,176.249.78.1
312,Tillie,Ketteman,tketteman8n@cnbc.com,Agender,156.45.168.168
313,Byrom,Utton,button8o@cdbaby.com,Genderfluid,76.122.162.55
314,Aguie,Jovic,ajovic8p@hp.com,Agender,110.248.194.195
315,Karrah,Tellesson,ktellesson8q@parallels.com,Genderqueer,139.133.143.42
316,Devonne,Caselli,dcaselli8r@apache.org,Genderqueer,159.104.27.224
317,Farrell,Duckering,fduckering8s@amazon.co.uk,Female,206.250.73.244
318,Sapphira,Errichi,serrichi8t@squarespace.com,Non-binary,192.93.35.188
319,Damian,Pellatt,dpellatt8u@istockphoto.com,Genderqueer,173.145.184.219
320,Osmund,Fullegar,ofullegar8v@xing.com,Female,30.237.52.135
321,Veradis,Hadeke,vhadeke8w@amazon.de,Female,186.180.158.223
322,Lorin,Perrigo,lperrigo8x@wsj.com,Male,55.175.19.83
323,Daphna,Pountain,dpountain8y@cisco.com,Female,133.172.142.183
324,Maude,Kohrsen,mkohrsen8z@feedburner.com,Female,217.253.139.135
325,Corrianne,Orvis,corvis90@github.io,Male,237.221.143.70
326,Selena,Garry,sgarry91@amazon.com,Non-binary,232.120.204.226
327,Lotta,Spillane,lspillane92@smh.com.au,Female,197.224.249.135
328,Inger,McAmish,imcamish93@ovh.net,Male,121.72.129.189
329,Klarrisa,Spruce,kspruce94@irs.gov,Bigender,87.214.179.51
330,Germain,MacKomb,gmackomb95@sbwire.com,Non-binary,240.148.77.87
331,Peirce,Bolderoe,pbolderoe96@bandcamp.com,Genderfluid,196.100.245.170
332,Clerissa,Spire,cspire97@mozilla.org,Genderqueer,149.46.152.215
333,Barbaraanne,Oseland,boseland98@sakura.ne.jp,Non-binary,93.134.118.225
334,Lexi,Sabbins,lsabbins99@sfgate.com,Non-binary,99.227.28.3
335,Alvy,Klarzynski,aklarzynski9a@telegraph.co.uk,Bigender,163.195.106.146
336,Mil,Pinke,mpinke9b@themeforest.net,Polygender,61.43.249.158
337,Seymour,Moulder,smoulder9c@g.co,Polygender,69.61.230.215
338,Ardenia,Strowger,astrowger9d@toplist.cz,Polygender,120.236.252.34
339,Woody,Jiruca,wjiruca9e@wordpress.org,Non-binary,88.132.254.0
340,Carla,Arnhold,carnhold9f@europa.eu,Non-binary,161.125.194.20
341,Dougie,Giannini,dgiannini9g@elpais.com,Male,50.95.64.229
342,Flint,Skeene,fskeene9h@oaic.gov.au,Agender,227.44.144.109
343,Aldon,Baddow,abaddow9i@de.vu,Bigender,80.5.220.155
344,Giselbert,Korneluk,gkorneluk9j@altervista.org,Agender,202.33.105.226
345,Shepherd,Cornewell,scornewell9k@time.com,Male,66.224.212.44
346,Debbie,Smerdon,dsmerdon9l@ebay.com,Bigender,120.121.61.34
347,Jourdain,Giacomoni,jgiacomoni9m@mysql.com,Male,5.131.182.8
348,Kevon,Butson,kbutson9n@opera.com,Male,130.86.161.193
349,Hollie,Ailward,hailward9o@ft.com,Female,64.42.104.64
350,Konstance,Schurig,kschurig9p@vinaora.com,Genderqueer,230.77.172.5
351,Rowen,Picard,rpicard9q@parallels.com,Male,182.152.130.10
352,Antone,Piola,apiola9r@ovh.net,Agender,199.132.217.151
353,Arther,Gosforth,agosforth9s@sourceforge.net,Genderqueer,93.251.249.71
354,Dorotea,Trusslove,dtrusslove9t@dell.com,Bigender,154.232.195.130
355,Margi,Towsey,mtowsey9u@house.gov,Agender,70.36.70.128
356,Ella,Shewry,eshewry9v@guardian.co.uk,Bigender,45.108.71.136
357,Danit,Scare,dscare9w@prlog.org,Bigender,246.91.234.135
358,Shanta,Patshull,spatshull9x@godaddy.com,Genderqueer,56.255.240.230
359,Hercule,Burnhill,hburnhill9y@gmpg.org,Male,182.231.8.109
360,Claire,Garric,cgarric9z@vkontakte.ru,Non-binary,232.91.176.116
361,Ida,MacDougal,imacdougala0@un.org,Bigender,139.31.242.79
362,Patrizius,Samarth,psamartha1@dell.com,Female,162.196.89.137
363,Nappy,O'Donnell,nodonnella2@amazon.de,Genderfluid,13.242.212.26
364,Vivyan,Tidbold,vtidbolda3@craigslist.org,Genderqueer,97.209.73.80
365,Hartwell,Cotterell,hcotterella4@forbes.com,Male,210.83.42.18
366,Martina,O' Markey,momarkeya5@weibo.com,Female,50.74.32.227
367,Fenelia,Fontanet,ffontaneta6@stanford.edu,Agender,143.74.113.193
368,Jammal,Laity,jlaitya7@yolasite.com,Polygender,92.183.98.66
369,Mirabel,Baszkiewicz,mbaszkiewicza8@google.it,Agender,226.100.20.14
370,Renato,Binnes,rbinnesa9@jugem.jp,Male,211.64.0.213
371,Shelbi,Ropp,sroppaa@w3.org,Female,44.121.155.8
372,Alex,Evreux,aevreuxab@histats.com,Genderfluid,241.2.145.40
373,Rabi,McKirdy,rmckirdyac@cornell.edu,Female,12.50.200.89
374,Mirabelle,Mulqueen,mmulqueenad@a8.net,Genderqueer,245.80.183.221
375,Robinet,Sinton,rsintonae@narod.ru,Polygender,45.129.197.206
376,Salli,Stearn,sstearnaf@columbia.edu,Female,158.189.14.253
377,Gabriela,Vickers,gvickersag@sakura.ne.jp,Genderqueer,133.253.81.237
378,Karen,Rimer,krimerah@adobe.com,Bigender,53.221.113.184
379,Orran,Kibard,okibardai@globo.com,Genderfluid,128.28.17.149
380,Berk,Symon,bsymonaj@omniture.com,Agender,96.122.225.108
381,Tim,Fenna,tfennaak@mlb.com,Polygender,157.100.80.176
382,Elfie,Shadbolt,eshadboltal@apache.org,Polygender,110.237.228.128
383,Thoma,Ainley,tainleyam@behance.net,Genderfluid,45.28.227.27
384,Caitrin,Bennington,cbenningtonan@ibm.com,Non-binary,57.198.58.162
385,Livy,Mayhow,lmayhowao@sphinn.com,Bigender,159.227.163.211
386,Morna,Tanswill,mtanswillap@360.cn,Bigender,39.7.179.109
387,Sid,Scoffham,sscoffhamaq@cdbaby.com,Male,57.252.180.220
388,Glynda,Teresa,gteresaar@biglobe.ne.jp,Male,246.157.215.17
389,Sarette,Habert,shabertas@washington.edu,Male,228.128.148.133
390,Temple,Beltzner,tbeltznerat@google.ca,Male,209.168.112.100
391,Panchito,Bulloch,pbullochau@sphinn.com,Non-binary,110.80.126.193
392,Arlee,Millwall,amillwallav@soup.io,Polygender,59.110.69.2
393,Nikolai,Glowinski,nglowinskiaw@nsw.gov.au,Female,6.15.94.18
394,Leilah,Norcliff,lnorcliffax@indiatimes.com,Female,88.202.90.253
395,Teresita,Batsford,tbatsforday@marriott.com,Male,141.224.221.174
396,Janeczka,McElree,jmcelreeaz@digg.com,Bigender,109.255.202.125
397,Francisca,Edgcombe,fedgcombeb0@adobe.com,Polygender,98.237.143.145
398,Lauraine,Newstead,lnewsteadb1@youtu.be,Polygender,162.140.146.117
399,Ulises,Yakob,uyakobb2@prnewswire.com,Male,57.52.171.22
400,Sylvan,Trickey,strickeyb3@homestead.com,Male,192.226.147.88
401,Jesse,Harpham,jharphamb4@ocn.ne.jp,Non-binary,5.235.107.171
402,Aliza,Quin,aquinb5@ebay.co.uk,Genderqueer,196.156.149.78
403,Peirce,Maffey,pmaffeyb6@europa.eu,Genderfluid,20.134.141.40
404,Verine,Gibbie,vgibbieb7@163.com,Agender,224.32.160.215
405,Corilla,Amdohr,camdohrb8@google.com,Agender,121.195.51.57
406,Dawna,MacNeachtain,dmacneachtainb9@who.int,Polygender,36.205.0.59
407,Karisa,Swanwick,kswanwickba@pinterest.com,Male,214.212.32.160
408,Kattie,Konneke,kkonnekebb@mozilla.org,Male,147.126.8.66
409,Huey,Kenealy,hkenealybc@time.com,Non-binary,29.241.22.91
410,Channa,Casiroli,ccasirolibd@pbs.org,Polygender,48.125.174.249
411,Adham,Sinkings,asinkingsbe@sciencedaily.com,Polygender,103.208.236.203
412,Halli,Shillingford,hshillingfordbf@ustream.tv,Bigender,254.174.72.105
413,Cecil,Stilling,cstillingbg@aboutads.info,Agender,69.219.124.53
414,Nannette,Georgeau,ngeorgeaubh@goodreads.com,Non-binary,243.130.28.132
415,Saba,Pestridge,spestridgebi@europa.eu,Agender,46.128.249.205
416,Noella,Haly,nhalybj@blogger.com,Bigender,201.248.226.144
417,Ebeneser,Yerlett,eyerlettbk@csmonitor.com,Bigender,50.246.103.98
418,Neville,Huckerby,nhuckerbybl@xinhuanet.com,Polygender,56.214.242.93
419,Jojo,Jaggard,jjaggardbm@gmpg.org,Bigender,162.142.180.71
420,Angeli,D'Angeli,adangelibn@apache.org,Non-binary,2.153.14.189
421,Gene,Chaikovski,gchaikovskibo@nifty.com,Genderqueer,206.160.160.65
422,Isabeau,Tribbeck,itribbeckbp@symantec.com,Genderfluid,49.145.98.237
423,Moore,Myrick,mmyrickbq@weebly.com,Non-binary,167.247.21.243
424,Deeyn,Kitley,dkitleybr@topsy.com,Polygender,196.41.7.144
425,Rhoda,Scudders,rscuddersbs@seesaa.net,Male,140.235.85.78
426,Reinhard,Stagg,rstaggbt@wiley.com,Polygender,245.28.14.43
427,Eadmund,Oury,eourybu@i2i.jp,Female,181.67.46.157
428,Carey,Oxer,coxerbv@abc.net.au,Agender,79.131.27.227
429,Terrye,Duffil,tduffilbw@ucoz.ru,Female,103.46.28.194
430,Jammie,Gange,jgangebx@friendfeed.com,Polygender,160.215.10.110
431,Winifred,Bater,wbaterby@engadget.com,Genderqueer,140.109.112.249
432,Aldwin,Kinnie,akinniebz@jimdo.com,Non-binary,177.128.155.30
433,Tabbie,O'Cullinane,tocullinanec0@rediff.com,Male,214.187.227.94
434,Teddi,Gumm,tgummc1@naver.com,Male,254.193.206.78
435,Callean,Greschke,cgreschkec2@umich.edu,Polygender,63.194.9.143
436,Christin,Cawdell,ccawdellc3@smh.com.au,Polygender,251.194.213.171
437,Sansone,Dovermann,sdovermannc4@theglobeandmail.com,Male,23.179.160.237
438,Abe,Kimbury,akimburyc5@bloglovin.com,Male,124.168.252.113
439,Walker,Stuehmeier,wstuehmeierc6@businesswire.com,Female,119.43.248.118
440,Seymour,Orrum,sorrumc7@deviantart.com,Polygender,207.31.84.120
441,Douglas,Robertz,drobertzc8@google.es,Genderfluid,28.6.183.126
442,Meta,Murkitt,mmurkittc9@oaic.gov.au,Genderfluid,154.130.248.85
443,Hilary,Dwane,hdwaneca@accuweather.com,Agender,144.205.0.6
444,Ruthanne,Norcliffe,rnorcliffecb@cocolog-nifty.com,Non-binary,124.63.120.6
445,Nikola,McLenahan,nmclenahancc@yale.edu,Bigender,249.83.223.4
446,Milo,Netherclift,mnethercliftcd@oracle.com,Male,236.111.91.75
447,Davine,MacMickan,dmacmickance@cdbaby.com,Bigender,119.118.14.38
448,Karoly,Atto,kattocf@sourceforge.net,Genderfluid,65.97.168.32
449,Jessee,Larder,jlardercg@aol.com,Genderqueer,143.7.179.150
450,Alex,Dubose,adubosech@jimdo.com,Agender,173.18.20.243
451,Timothee,Khomich,tkhomichci@behance.net,Genderqueer,202.202.37.95
452,Lydon,Petegrew,lpetegrewcj@cnn.com,Female,129.11.136.161
453,Michele,Sabate,msabateck@pcworld.com,Non-binary,179.234.216.155
454,Aggy,Rawcliffe,arawcliffecl@liveinternet.ru,Non-binary,20.28.66.64
455,Jody,Tromans,jtromanscm@bloomberg.com,Male,134.152.179.119
456,Katheryn,Giraldez,kgiraldezcn@goodreads.com,Female,60.146.107.70
457,Delano,Baraclough,dbaracloughco@bloomberg.com,Female,139.114.153.197
458,Martie,Bote,mbotecp@parallels.com,Polygender,157.51.116.164
459,Courtnay,Statefield,cstatefieldcq@msu.edu,Genderfluid,76.117.255.63
460,Elsinore,Ludwell,eludwellcr@senate.gov,Male,211.173.0.37
461,Grace,Jirek,gjirekcs@yellowpages.com,Male,205.146.83.238
462,Keelia,Worgan,kworganct@salon.com,Bigender,138.230.84.155
463,Tailor,Bedminster,tbedminstercu@weebly.com,Genderfluid,146.214.89.51
464,Deeyn,Doumerque,ddoumerquecv@istockphoto.com,Non-binary,35.155.218.103
465,Nady,Krates,nkratescw@eepurl.com,Agender,105.107.209.188
466,Ive,Radford,iradfordcx@friendfeed.com,Polygender,229.90.49.35
467,Alejandrina,Escoffier,aescoffiercy@admin.ch,Male,109.97.5.88
468,Cinda,Carrivick,ccarrivickcz@reverbnation.com,Genderfluid,156.228.26.142
469,Hewet,Beardsley,hbeardsleyd0@redcross.org,Genderqueer,79.82.56.52
470,Hagan,Bogue,hbogued1@ifeng.com,Non-binary,49.9.58.172
471,Manon,Logsdail,mlogsdaild2@gnu.org,Non-binary,105.6.113.132
472,Klement,Giacomuzzo,kgiacomuzzod3@meetup.com,Non-binary,165.61.44.8
473,Roderigo,Acreman,racremand4@elegantthemes.com,Genderqueer,115.193.62.222
474,Gregg,Ernshaw,gernshawd5@oakley.com,Polygender,10.249.192.199
475,Ashlie,Andriessen,aandriessend6@bloglines.com,Genderfluid,226.134.60.86
476,Cordie,Fortescue,cfortescued7@smh.com.au,Polygender,186.7.110.143
477,Ariella,Pyzer,apyzerd8@ning.com,Polygender,96.66.161.152
478,Britt,Egalton,begaltond9@cargocollective.com,Male,40.194.30.83
479,Dorella,Osgar,dosgarda@angelfire.com,Polygender,173.236.145.103
480,Raul,Durnford,rdurnforddb@sitemeter.com,Genderqueer,155.132.69.83
481,Annamaria,Wallwood,awallwooddc@ycombinator.com,Genderqueer,163.214.27.205
482,Silvanus,Quilter,squilterdd@businessinsider.com,Genderqueer,228.31.243.206
483,Alexia,Dolphin,adolphinde@infoseek.co.jp,Female,33.158.57.231
484,Neille,Gilford,ngilforddf@time.com,Female,239.203.81.110
485,Maggie,Hayth,mhaythdg@123-reg.co.uk,Genderqueer,208.230.252.34
486,Zachariah,Souttar,zsouttardh@cmu.edu,Non-binary,176.109.139.133
487,Gerrilee,Chisolm,gchisolmdi@cnbc.com,Agender,203.52.166.76
488,Martica,Abrahmer,mabrahmerdj@census.gov,Polygender,101.208.119.84
489,Stephi,Dimmick,sdimmickdk@wsj.com,Female,135.159.10.10
490,Phillip,Mascall,pmascalldl@amazon.co.uk,Non-binary,224.210.188.27
491,Marley,Huson,mhusondm@twitpic.com,Agender,226.208.155.151
492,Maxim,Chaff,mchaffdn@harvard.edu,Polygender,15.131.165.185
493,Crista,Peasby,cpeasbydo@studiopress.com,Male,205.221.218.136
494,Tiffany,Patrone,tpatronedp@google.com.hk,Bigender,192.86.221.217
495,Eugenio,MacFadzean,emacfadzeandq@nasa.gov,Agender,157.67.178.37
496,Randee,Healy,rhealydr@t-online.de,Non-binary,244.34.215.141
497,Issy,Faraker,ifarakerds@cloudflare.com,Non-binary,243.234.239.185
498,Lonny,Petrushanko,lpetrushankodt@abc.net.au,Genderfluid,16.23.230.118
499,Shelley,Bartoszinski,sbartoszinskidu@mayoclinic.com,Agender,215.9.196.33
500,Clara,Tilson,ctilsondv@php.net,Male,60.249.225.53
501,Nil,Cookes,ncookesdw@vkontakte.ru,Bigender,11.151.8.76
502,Arte,Churchard,achurcharddx@multiply.com,Genderqueer,218.224.121.74
503,Walker,Andrich,wandrichdy@dmoz.org,Agender,146.29.127.192
504,Corilla,Franklyn,cfranklyndz@4shared.com,Genderfluid,200.252.171.83
505,Bernhard,Flatte,bflattee0@latimes.com,Non-binary,69.62.15.115
506,Sofia,Renachowski,srenachowskie1@dedecms.com,Genderqueer,161.158.123.190
507,Jen,Gerritsma,jgerritsmae2@youtube.com,Bigender,66.223.225.144
508,Hayden,Goard,hgoarde3@icq.com,Agender,171.173.35.164
509,Carissa,Raddin,craddine4@photobucket.com,Bigender,193.144.144.209
510,Ozzie,Bewly,obewlye5@facebook.com,Male,6.124.28.215
511,Durant,Walling,dwallinge6@msn.com,Female,212.156.19.84
512,Lind,Cranna,lcrannae7@unc.edu,Genderfluid,65.226.194.177
513,Billie,Beed,bbeede8@dmoz.org,Female,161.114.12.66
514,Sanford,Fossey,sfosseye9@hostgator.com,Polygender,191.8.181.34
515,Bird,Ferras,bferrasea@infoseek.co.jp,Male,238.32.52.146
516,Bettye,Warrilow,bwarriloweb@apple.com,Bigender,212.178.46.17
517,Andros,Aupol,aaupolec@devhub.com,Polygender,166.209.88.177
518,Iseabal,Wanless,iwanlessed@ycombinator.com,Genderqueer,98.1.138.83
519,Lucie,Voce,lvoceee@time.com,Polygender,207.208.94.38
520,Lorilyn,Cumberland,lcumberlandef@intel.com,Agender,181.51.21.89
521,Pat,Osborn,posborneg@hugedomains.com,Male,93.136.237.215
522,Vinny,Botterill,vbotterilleh@ucla.edu,Agender,110.102.211.35
523,Fin,McCarrell,fmccarrellei@msu.edu,Non-binary,236.225.131.57
524,Faythe,Olivie,folivieej@dot.gov,Polygender,153.78.182.218
525,Grace,Goodayle,ggoodayleek@squarespace.com,Genderfluid,165.81.223.152
526,Dell,Rosenblatt,drosenblattel@auda.org.au,Non-binary,135.138.214.63
527,Beale,Muscott,bmuscottem@yahoo.com,Genderfluid,227.34.204.96
528,Ofelia,Vignaux,ovignauxen@marketwatch.com,Genderfluid,137.25.87.61
529,Tirrell,Rumble,trumbleeo@g.co,Polygender,231.248.189.61
530,Saxe,Haill,shaillep@army.mil,Male,235.206.119.205
531,Thalia,Kendal,tkendaleq@fda.gov,Polygender,29.31.114.200
532,Trueman,Conachy,tconachyer@multiply.com,Agender,94.118.19.52
533,Harwell,Gallehock,hgallehockes@diigo.com,Agender,13.84.14.131
534,Violante,Lester,vlesteret@intel.com,Genderfluid,121.146.49.112
535,Tamra,Lowre,tlowreeu@purevolume.com,Agender,32.6.41.163
536,Isa,Lawlan,ilawlanev@nyu.edu,Bigender,130.115.159.130
537,Giacinta,Heffron,gheffronew@cpanel.net,Non-binary,150.29.28.116
538,Arlyn,Duke,adukeex@jiathis.com,Male,147.242.135.246
539,Angie,Bagge,abaggeey@pcworld.com,Genderfluid,52.19.141.202
540,Pall,Yakolev,pyakolevez@hubpages.com,Male,112.49.66.246
541,Leia,Chadwick,lchadwickf0@scribd.com,Genderfluid,77.3.5.35
542,Nathanil,Bickerstasse,nbickerstassef1@hud.gov,Agender,204.254.159.200
543,Baldwin,Peyes,bpeyesf2@wp.com,Female,145.231.0.98
544,Alidia,Breedy,abreedyf3@jiathis.com,Agender,73.80.245.94
545,Renae,Ewell,rewellf4@marriott.com,Polygender,170.173.191.244
546,Belva,Tunder,btunderf5@redcross.org,Female,252.58.59.138
547,Creight,Carah,ccarahf6@dot.gov,Agender,237.202.84.153
548,Fanya,Metherell,fmetherellf7@phpbb.com,Genderqueer,102.36.28.182
549,Kiersten,Sturm,ksturmf8@diigo.com,Genderfluid,8.247.80.152
550,Katrina,Wonfor,kwonforf9@mapy.cz,Genderqueer,211.167.194.10
551,Eduino,Henstone,ehenstonefa@latimes.com,Non-binary,198.188.249.165
552,Bibi,Vaughan-Hughes,bvaughanhughesfb@elpais.com,Bigender,217.163.215.83
553,Joanne,Chopy,jchopyfc@admin.ch,Female,39.13.16.230
554,Dalton,Mandre,dmandrefd@ezinearticles.com,Male,85.44.36.188
555,Terrance,Soan,tsoanfe@csmonitor.com,Genderfluid,252.106.3.149
556,Jasen,Follit,jfollitff@gizmodo.com,Genderfluid,237.155.102.186
557,Marjorie,McSkin,mmcskinfg@mayoclinic.com,Polygender,218.179.226.84
558,Kennie,Algeo,kalgeofh@nytimes.com,Male,110.6.0.78
559,Cherry,Clemoes,cclemoesfi@rakuten.co.jp,Agender,131.31.154.156
560,Trevar,Grigore,tgrigorefj@weibo.com,Genderfluid,61.52.5.25
561,Morgen,Heazel,mheazelfk@washington.edu,Genderfluid,243.92.48.244
562,Jillane,Fredy,jfredyfl@i2i.jp,Bigender,185.193.117.236
563,Afton,Jagoe,ajagoefm@cocolog-nifty.com,Polygender,109.11.4.157
564,Tad,Madeley,tmadeleyfn@apache.org,Non-binary,45.250.67.15
565,Sella,Cicculini,scicculinifo@google.com,Bigender,158.187.244.28
566,Faith,Swetland,fswetlandfp@reddit.com,Genderqueer,157.139.148.15
567,Jenilee,Gair,jgairfq@mtv.com,Polygender,252.156.209.19
568,Valina,Lardier,vlardierfr@wufoo.com,Female,212.49.27.31
569,Leonidas,Kilday,lkildayfs@is.gd,Genderqueer,142.152.8.245
570,Marisa,Molnar,mmolnarft@marriott.com,Genderqueer,120.174.109.15
571,Aylmar,Kiggel,akiggelfu@amazon.de,Polygender,15.53.165.221
572,Nerta,Ledwitch,nledwitchfv@hud.gov,Bigender,203.27.14.128
573,Lotte,Hyne,lhynefw@aol.com,Non-binary,49.35.227.93
574,Shana,Collens,scollensfx@ebay.co.uk,Agender,253.66.127.130
575,Bekki,Winsper,bwinsperfy@google.ca,Non-binary,202.248.191.119
576,Marty,Oxlee,moxleefz@webmd.com,Female,24.222.191.38
577,Shelley,Mangeot,smangeotg0@ask.com,Genderqueer,43.217.101.194
578,Weston,Farnish,wfarnishg1@state.gov,Non-binary,153.63.22.169
579,Jerrold,Labone,jlaboneg2@ebay.com,Female,98.162.221.189
580,Inglebert,Joynson,ijoynsong3@tuttocitta.it,Genderqueer,236.249.56.227
581,Meier,Sowrey,msowreyg4@abc.net.au,Genderfluid,48.107.155.33
582,Powell,Warwicker,pwarwickerg5@google.de,Non-binary,143.224.144.237
583,Camel,Kibard,ckibardg6@webnode.com,Genderfluid,1.74.28.186
584,Juan,Oxtarby,joxtarbyg7@abc.net.au,Male,89.72.144.2
585,Quill,Crambie,qcrambieg8@loc.gov,Bigender,120.216.99.224
586,Mariellen,McCaster,mmccasterg9@intel.com,Genderfluid,236.210.215.127
587,Didi,Derkes,dderkesga@boston.com,Non-binary,243.172.85.135
588,Aleen,Mosedill,amosedillgb@nsw.gov.au,Bigender,141.244.197.254
589,Gabrila,Drohun,gdrohungc@archive.org,Bigender,165.160.224.225
590,Claudine,Dade,cdadegd@blogtalkradio.com,Bigender,181.236.121.172
591,Gabey,Draycott,gdraycottge@msn.com,Polygender,61.68.126.192
592,Roberto,Roome,rroomegf@cnet.com,Polygender,160.201.17.210
593,Gayle,Studdeard,gstuddeardgg@statcounter.com,Agender,164.23.140.40
594,Fidel,Benthall,fbenthallgh@cmu.edu,Genderqueer,83.129.222.217
595,Geno,Thys,gthysgi@webeden.co.uk,Genderqueer,249.180.145.136
596,Midge,Quirke,mquirkegj@statcounter.com,Polygender,36.87.152.49
597,Klemens,Kesteven,kkestevengk@hostgator.com,Female,119.84.221.162
598,Filberte,Ridler,fridlergl@businessinsider.com,Female,58.151.137.113
599,Gian,McKelloch,gmckellochgm@amazon.com,Polygender,202.110.99.39
600,Manda,Streight,mstreightgn@diigo.com,Polygender,16.172.55.61
601,Vergil,Hazlehurst,vhazlehurstgo@yahoo.co.jp,Male,244.163.155.209
602,Kym,Deniset,kdenisetgp@npr.org,Agender,21.84.70.160
603,Shela,Alexandrou,salexandrougq@comcast.net,Male,249.59.214.251
604,Benedikt,Matieu,bmatieugr@answers.com,Male,19.197.75.165
605,Dorella,Sinnatt,dsinnattgs@ustream.tv,Female,254.94.180.230
606,Mick,Klaus,mklausgt@indiatimes.com,Male,40.165.207.58
607,Feodor,Ruhben,fruhbengu@nsw.gov.au,Bigender,162.205.68.197
608,Feliks,Eberdt,feberdtgv@php.net,Genderqueer,177.230.168.80
609,Gery,Mossbee,gmossbeegw@xing.com,Genderqueer,35.35.109.20
610,Nickie,Beidebeke,nbeidebekegx@miitbeian.gov.cn,Polygender,179.192.83.216
611,Ainslie,Reyburn,areyburngy@tuttocitta.it,Female,219.187.47.19
612,Vivyanne,Lissandre,vlissandregz@bloglovin.com,Polygender,202.116.170.226
613,Iago,Sumnall,isumnallh0@dropbox.com,Polygender,109.61.96.152
614,Meta,Jandak,mjandakh1@businessweek.com,Polygender,99.86.69.43
615,Fernando,Beavers,fbeaversh2@tiny.cc,Genderfluid,243.28.206.162
616,Cathi,Krishtopaittis,ckrishtopaittish3@taobao.com,Male,151.32.146.220
617,Shanta,Philipard,sphilipardh4@goo.gl,Polygender,2.248.123.176
618,Gary,Metzel,gmetzelh5@house.gov,Male,100.153.130.42
619,Shea,Halso,shalsoh6@taobao.com,Genderfluid,74.203.184.118
620,Morty,Carruthers,mcarruthersh7@flavors.me,Polygender,224.21.58.90
621,Linnell,Maly,lmalyh8@mac.com,Female,201.23.219.229
622,Nathalie,Hughes,nhughesh9@gizmodo.com,Female,98.156.249.132
623,Livvyy,Meenehan,lmeenehanha@ucla.edu,Genderfluid,143.124.240.99
624,Garret,Gladdor,ggladdorhb@jimdo.com,Female,169.164.226.68
625,Debby,Ayers,dayershc@over-blog.com,Male,156.212.207.88
626,Mattias,Nelius,mneliushd@people.com.cn,Non-binary,200.243.153.162
627,Judon,Farmar,jfarmarhe@nature.com,Genderfluid,243.71.44.231
628,Kalli,Massy,kmassyhf@illinois.edu,Male,150.165.174.127
629,Henrieta,Sibbson,hsibbsonhg@live.com,Bigender,71.19.134.13
630,Marissa,Carty,mcartyhh@nyu.edu,Bigender,235.110.244.61
631,Paolo,Goseling,pgoselinghi@posterous.com,Male,12.197.213.56
632,Daryl,Pawlyn,dpawlynhj@indiatimes.com,Genderqueer,153.71.19.30
633,Cointon,Coxhead,ccoxheadhk@google.com.br,Genderfluid,223.104.217.106
634,Rozanna,Gerritzen,rgerritzenhl@tmall.com,Non-binary,174.158.190.51
635,Janot,Escudier,jescudierhm@ted.com,Male,68.66.229.40
636,Reynard,Veness,rvenesshn@mapquest.com,Agender,23.248.208.216
637,Nikolai,Gillbee,ngillbeeho@sitemeter.com,Male,64.167.232.93
638,Loralyn,Congram,lcongramhp@google.com.au,Male,82.91.105.215
639,Ingrid,Jacobson,ijacobsonhq@discuz.net,Non-binary,19.150.59.119
640,Bradley,Bartozzi,bbartozzihr@apple.com,Agender,121.83.56.46
641,Randa,Gingel,rgingelhs@comsenz.com,Male,113.7.199.70
642,Kacie,Dowker,kdowkerht@nsw.gov.au,Male,129.214.0.204
643,Oralia,Djuricic,odjuricichu@istockphoto.com,Bigender,145.77.80.49
644,Mair,Pettegree,mpettegreehv@bloglovin.com,Male,169.9.107.44
645,Nancy,Lambourn,nlambournhw@simplemachines.org,Non-binary,123.249.214.215
646,Cherianne,Comsty,ccomstyhx@narod.ru,Agender,7.122.220.155
647,Netti,Lote,nlotehy@netlog.com,Female,49.39.24.213
648,Gerrie,Brosius,gbrosiushz@istockphoto.com,Male,166.52.16.234
649,Lizzy,Perschke,lperschkei0@discuz.net,Genderqueer,135.173.38.13
650,Tonya,Barrs,tbarrsi1@shinystat.com,Genderqueer,227.164.26.128
651,Madalyn,Angrick,mangricki2@techcrunch.com,Agender,4.186.199.21
652,Cally,Hulburt,chulburti3@dedecms.com,Male,128.251.26.197
653,Chucho,Bruhn,cbruhni4@ox.ac.uk,Genderfluid,182.70.178.128
654,Gene,Wombwell,gwombwelli5@ow.ly,Genderqueer,234.2.162.246
655,Dev,Kliment,dklimenti6@washingtonpost.com,Non-binary,62.162.146.81
656,Mag,Sterricker,msterrickeri7@joomla.org,Female,57.89.83.68
657,Vic,Atwel,vatweli8@senate.gov,Polygender,31.107.62.246
658,Dieter,Philp,dphilpi9@vinaora.com,Non-binary,59.185.141.64
659,Talya,Trevillion,ttrevillionia@dyndns.org,Bigender,171.94.66.185
660,Gayler,Coghlan,gcoghlanib@hostgator.com,Bigender,25.228.243.66
661,Morty,Quincey,mquinceyic@multiply.com,Male,92.103.165.210
662,Loralee,Longland,llonglandid@people.com.cn,Genderfluid,120.0.148.248
663,Ludwig,Cowely,lcowelyie@plala.or.jp,Male,108.110.228.155
664,Nikolaos,Branchett,nbranchettif@princeton.edu,Polygender,167.69.144.187
665,Inger,Handaside,ihandasideig@goo.ne.jp,Genderfluid,217.55.31.97
666,Daryn,Audus,daudusih@eventbrite.com,Female,150.10.1.175
667,Eduardo,Bartalini,ebartaliniii@scribd.com,Male,30.186.49.177
668,Shea,Eyam,seyamij@ifeng.com,Bigender,207.178.92.248
669,Tarrah,Mainston,tmainstonik@ask.com,Male,66.108.26.185
670,Beale,Julyan,bjulyanil@businesswire.com,Agender,177.29.212.1
671,Emanuele,Walmsley,ewalmsleyim@newyorker.com,Non-binary,219.28.252.90
672,Cary,Garken,cgarkenin@ycombinator.com,Bigender,41.145.12.172
673,Morgan,Bortolini,mbortoliniio@bravesites.com,Bigender,126.202.165.208
674,Germain,Kempshall,gkempshallip@eventbrite.com,Male,139.45.171.98
675,Gus,Deveral,gdeveraliq@is.gd,Female,36.144.146.2
676,Shannon,Mynott,smynottir@webs.com,Genderfluid,116.251.33.29
677,Calida,Size,csizeis@over-blog.com,Female,241.109.181.243
678,Demetris,Arnald,darnaldit@github.com,Female,66.46.113.245
679,Anissa,Chapier,achapieriu@behance.net,Male,4.21.135.255
680,Ravi,Nicolls,rnicollsiv@tuttocitta.it,Female,148.174.245.215
681,Lyndsay,Towe,ltoweiw@163.com,Polygender,30.231.164.124
682,Eadmund,Primarolo,eprimaroloix@cyberchimps.com,Polygender,51.148.65.107
683,Nola,Ruston,nrustoniy@hatena.ne.jp,Bigender,168.251.121.98
684,Emmery,Asling,easlingiz@yellowbook.com,Male,174.91.147.24
685,Axe,Lidgard,alidgardj0@seesaa.net,Agender,62.62.233.233
686,Christyna,Muncer,cmuncerj1@wired.com,Polygender,110.181.220.151
687,Gary,Staig,gstaigj2@yahoo.co.jp,Genderfluid,211.37.45.205
688,Alphonse,Kybert,akybertj3@jiathis.com,Polygender,133.205.135.49
689,Colly,St. John,cstjohnj4@addthis.com,Female,85.175.12.254
690,Billy,Mahody,bmahodyj5@youku.com,Genderfluid,252.56.39.62
691,Eugene,Gilcrist,egilcristj6@dailymail.co.uk,Non-binary,168.185.4.64
692,Tatiania,Dargavel,tdargavelj7@businesswire.com,Bigender,44.72.125.187
693,Hakeem,Maryott,hmaryottj8@xinhuanet.com,Polygender,250.211.33.169
694,Ibbie,Trump,itrumpj9@histats.com,Bigender,99.102.90.86
695,Kathrine,Bettenay,kbettenayja@studiopress.com,Male,214.216.80.237
696,Raffaello,Cray,rcrayjb@prlog.org,Agender,111.223.162.40
697,Bonni,Burnip,bburnipjc@washingtonpost.com,Genderqueer,223.3.203.9
698,Nikkie,Paynton,npayntonjd@gizmodo.com,Non-binary,94.138.41.83
699,Addy,Stobie,astobieje@google.ca,Agender,8.106.227.2
700,Fionna,Fasson,ffassonjf@chronoengine.com,Agender,93.14.33.16
701,Barbaraanne,Hanalan,bhanalanjg@lycos.com,Female,223.100.58.105
702,Ramona,Seifenmacher,rseifenmacherjh@4shared.com,Female,71.180.9.32
703,Ludovico,Mundie,lmundieji@ameblo.jp,Female,174.179.195.248
704,Ursala,Masser,umasserjj@state.tx.us,Non-binary,179.146.169.87
705,Mufinella,Gayler,mgaylerjk@linkedin.com,Non-binary,162.97.230.31
706,Terence,Demougeot,tdemougeotjl@exblog.jp,Genderfluid,53.41.157.23
707,Jessie,Bather,jbatherjm@nifty.com,Genderqueer,195.22.53.85
708,Tera,Yarnton,tyarntonjn@businessinsider.com,Non-binary,170.182.69.171
709,Alister,Du Plantier,aduplantierjo@google.com.br,Genderfluid,149.81.115.11
710,Grissel,Gavriel,ggavrieljp@hao123.com,Agender,11.202.248.131
711,Rinaldo,Valiant,rvaliantjq@dmoz.org,Female,164.94.228.7
712,Tulley,McKie,tmckiejr@plala.or.jp,Female,114.195.171.219
713,Law,Lambal,llambaljs@chron.com,Genderqueer,251.217.132.156
714,Stefan,Guinery,sguineryjt@shop-pro.jp,Male,131.90.142.215
715,Ediva,Benasik,ebenasikju@bbc.co.uk,Polygender,160.142.172.35
716,Raquel,Fairhall,rfairhalljv@zimbio.com,Genderqueer,206.123.200.60
717,Sophronia,Goodbur,sgoodburjw@usa.gov,Female,184.124.77.51
718,Lishe,Standingford,lstandingfordjx@exblog.jp,Bigender,101.250.214.151
719,Piper,Caldeiro,pcaldeirojy@bloglovin.com,Non-binary,7.75.102.97
720,Alberik,McEwan,amcewanjz@ehow.com,Bigender,219.104.119.157
721,Robert,Buxcy,rbuxcyk0@yandex.ru,Female,182.157.241.77
722,Ava,Syalvester,asyalvesterk1@amazon.de,Non-binary,104.221.253.129
723,Jeanna,Van Driel,jvandrielk2@nps.gov,Polygender,200.37.76.247
724,Ambrosi,Pursey,apurseyk3@creativecommons.org,Polygender,247.112.39.118
725,Maxim,Shine,mshinek4@google.nl,Genderqueer,78.29.165.66
726,Nevin,Izachik,nizachikk5@timesonline.co.uk,Genderfluid,67.163.14.132
727,Francesca,Conradie,fconradiek6@oracle.com,Bigender,147.226.17.30
728,Valdemar,Pennock,vpennockk7@tinyurl.com,Bigender,169.41.48.186
729,Harland,Gathercoal,hgathercoalk8@wikispaces.com,Polygender,192.205.61.7
730,Del,Glaysher,dglaysherk9@ezinearticles.com,Bigender,90.229.226.227
731,Francklin,Moir,fmoirka@yale.edu,Genderqueer,184.64.16.61
732,Cyrille,Gilbane,cgilbanekb@liveinternet.ru,Female,94.45.189.82
733,Darcey,Burress,dburresskc@slashdot.org,Agender,26.130.224.101
734,Aleta,Doddemeade,adoddemeadekd@opensource.org,Male,92.117.167.229
735,Gus,Alchin,galchinke@webeden.co.uk,Polygender,37.118.141.226
736,Babs,Scholte,bscholtekf@google.nl,Female,105.61.9.85
737,Ardyth,Collerd,acollerdkg@opera.com,Genderqueer,187.252.78.220
738,Gilemette,Casswell,gcasswellkh@ask.com,Polygender,36.50.89.153
739,Farleigh,Rheubottom,frheubottomki@booking.com,Male,113.175.113.225
740,Lian,Tregien,ltregienkj@latimes.com,Female,59.246.150.8
741,Christiane,Belchambers,cbelchamberskk@forbes.com,Female,31.147.249.108
742,Maud,Hamlett,mhamlettkl@constantcontact.com,Bigender,219.207.177.118
743,Emmalynne,Ficken,efickenkm@adobe.com,Polygender,171.113.177.49
744,Darbee,Fennessy,dfennessykn@businesswire.com,Genderqueer,74.102.107.40
745,Essa,Holliar,eholliarko@feedburner.com,Agender,130.116.201.24
746,Valentine,Arne,varnekp@elegantthemes.com,Genderfluid,221.89.232.144
747,Missie,Reuven,mreuvenkq@thetimes.co.uk,Agender,120.39.177.209
748,Budd,Simner,bsimnerkr@edublogs.org,Female,68.201.195.208
749,Christiano,Crossley,ccrossleyks@biblegateway.com,Non-binary,209.213.223.77
750,Leonie,Derges,ldergeskt@blogspot.com,Agender,154.219.139.77
751,Homere,Hampton,hhamptonku@twitter.com,Agender,16.247.36.195
752,Robby,Popov,rpopovkv@soundcloud.com,Female,57.66.69.145
753,Marylin,Inett,minettkw@drupal.org,Male,219.148.182.176
754,Isis,Sturt,isturtkx@booking.com,Female,85.23.68.174
755,Nessa,Forri,nforriky@google.nl,Polygender,57.160.200.129
756,Tony,Demelt,tdemeltkz@yolasite.com,Genderfluid,53.104.144.101
757,Tim,Bonallack,tbonallackl0@elpais.com,Non-binary,128.247.191.67
758,Jeannie,Olivi,jolivil1@yellowpages.com,Bigender,183.153.135.237
759,Reidar,Saxon,rsaxonl2@t.co,Bigender,211.253.62.172
760,Rockie,Shanklin,rshanklinl3@mail.ru,Polygender,222.182.67.118
761,Cordelia,Lovatt,clovattl4@yahoo.co.jp,Genderfluid,165.37.117.207
762,Orv,Fincher,ofincherl5@desdev.cn,Agender,2.109.211.97
763,Genvieve,Howson,ghowsonl6@economist.com,Polygender,92.53.187.95
764,Anetta,Gyngyll,agyngylll7@sourceforge.net,Male,125.71.201.4
765,Rosaline,Mardall,rmardalll8@intel.com,Agender,114.57.209.243
766,Olin,Tackett,otackettl9@cloudflare.com,Female,26.53.235.48
767,Frankie,McCowan,fmccowanla@last.fm,Genderfluid,33.2.47.172
768,Urbain,Pappi,upappilb@newyorker.com,Male,203.17.202.173
769,Adelina,Kirkam,akirkamlc@moonfruit.com,Polygender,214.239.244.67
770,Bertrand,Raiston,braistonld@i2i.jp,Agender,227.219.62.136
771,Darrin,Crucetti,dcrucettile@army.mil,Male,218.175.221.45
772,Corella,Almeida,calmeidalf@archive.org,Agender,36.62.142.44
773,Colette,Dixson,cdixsonlg@flickr.com,Genderqueer,21.78.154.61
774,Shelley,Timmons,stimmonslh@tripadvisor.com,Genderfluid,72.181.7.9
775,Giuseppe,Merdew,gmerdewli@biglobe.ne.jp,Male,239.208.114.173
776,Constancia,Faireclough,cfairecloughlj@gravatar.com,Female,78.69.147.206
777,Baily,Koop,bkooplk@blogs.com,Agender,219.153.243.15
778,Ginevra,Ketchell,gketchellll@wix.com,Female,52.171.238.167
779,Rickie,Picknett,rpicknettlm@360.cn,Non-binary,9.141.105.6
780,Cortie,Lisimore,clisimoreln@reddit.com,Non-binary,64.21.109.245
781,Mayne,Vinton,mvintonlo@usnews.com,Polygender,220.159.93.100
782,Kore,Biffen,kbiffenlp@java.com,Agender,121.110.26.46
783,Janel,Grubey,jgrubeylq@ebay.co.uk,Male,85.143.48.82
784,Shari,Oakeby,soakebylr@ox.ac.uk,Polygender,69.254.31.156
785,Johnathon,Dolby,jdolbyls@whitehouse.gov,Non-binary,204.68.201.227
786,Regine,Andrysek,randryseklt@taobao.com,Male,28.179.33.203
787,Jeane,Collinge,jcollingelu@sohu.com,Bigender,208.210.32.202
788,Elfrieda,Ghirardi,eghirardilv@about.me,Polygender,164.250.62.172
789,Cymbre,Greneham,cgrenehamlw@amazon.com,Female,42.155.247.178
790,Susann,Ivanyutin,sivanyutinlx@ebay.co.uk,Polygender,231.60.136.140
791,Allister,Breen,abreenly@plala.or.jp,Male,212.179.38.53
792,Winslow,MacMakin,wmacmakinlz@nymag.com,Female,179.179.187.107
793,Davon,Sach,dsachm0@answers.com,Male,244.152.98.215
794,Artur,Udale,audalem1@uol.com.br,Agender,226.76.154.214
795,Cornie,Vasilyonok,cvasilyonokm2@ca.gov,Agender,235.39.217.145
796,Layla,Toomey,ltoomeym3@fema.gov,Genderfluid,215.201.154.32
797,Vance,Michell,vmichellm4@about.me,Genderqueer,17.225.236.239
798,Glyn,Christall,gchristallm5@sina.com.cn,Polygender,140.179.35.241
799,Robby,Benninger,rbenningerm6@elpais.com,Female,232.138.121.191
800,Vivyan,Struys,vstruysm7@edublogs.org,Genderfluid,61.39.74.90
801,Cloris,Yerson,cyersonm8@slashdot.org,Female,240.244.5.222
802,Cody,Babon,cbabonm9@ning.com,Bigender,167.250.160.193
803,Jackquelin,Size,jsizema@fastcompany.com,Agender,170.128.83.235
804,Shermie,Frake,sfrakemb@dot.gov,Bigender,139.128.242.201
805,Leeanne,MacDonough,lmacdonoughmc@ning.com,Non-binary,72.96.243.100
806,Sibyl,McMurrugh,smcmurrughmd@ted.com,Non-binary,90.202.223.179
807,Pierce,Chantrell,pchantrellme@timesonline.co.uk,Bigender,203.123.211.39
808,Iorgos,Vyel,ivyelmf@dailymotion.com,Male,208.200.51.215
809,Brucie,Hauxwell,bhauxwellmg@who.int,Genderqueer,122.195.212.3
810,Freddie,Hartman,fhartmanmh@example.com,Agender,2.118.128.234
811,Tom,Pretious,tpretiousmi@reddit.com,Non-binary,220.225.148.117
812,Brandy,Mallen,bmallenmj@engadget.com,Male,187.55.88.173
813,Luis,Kiddell,lkiddellmk@blogs.com,Polygender,209.177.229.224
814,Isis,Stubs,istubsml@usa.gov,Female,233.186.150.246
815,Paulo,Titherington,ptitheringtonmm@vimeo.com,Genderfluid,72.170.11.124
816,Stewart,Shortin,sshortinmn@delicious.com,Female,136.88.169.99
817,Clarinda,Bradneck,cbradneckmo@ebay.com,Bigender,69.200.185.218
818,Gina,Baybutt,gbaybuttmp@techcrunch.com,Polygender,88.106.161.105
819,Ansell,Northwood,anorthwoodmq@ehow.com,Bigender,28.18.163.19
820,Tess,Maciak,tmaciakmr@homestead.com,Genderqueer,246.84.254.79
821,Tildi,Jellis,tjellisms@wisc.edu,Bigender,25.170.234.99
822,Kelvin,Dosdill,kdosdillmt@technorati.com,Genderqueer,114.128.74.0
823,Marne,Retallick,mretallickmu@elpais.com,Agender,105.91.103.99
824,Keven,Yetton,kyettonmv@unesco.org,Genderfluid,244.117.141.100
825,Worden,Turbill,wturbillmw@bing.com,Agender,91.157.29.151
826,Brannon,Buckston,bbuckstonmx@stumbleupon.com,Polygender,118.54.175.54
827,Ermengarde,Geri,egerimy@unicef.org,Female,9.120.78.143
828,Virgina,Skeech,vskeechmz@dot.gov,Agender,249.6.157.16
829,Codee,McGlue,cmcgluen0@histats.com,Non-binary,52.46.175.192
830,Mack,Fitzsimon,mfitzsimonn1@infoseek.co.jp,Non-binary,79.64.116.45
831,Jodi,Netherclift,jnethercliftn2@livejournal.com,Agender,88.11.92.107
832,Berte,Matusov,bmatusovn3@discuz.net,Agender,216.103.83.63
833,Petronia,Bradbeer,pbradbeern4@youku.com,Genderqueer,73.116.162.121
834,Saidee,Snassell,ssnasselln5@zimbio.com,Polygender,220.150.149.245
835,Dorris,Giacomuzzi,dgiacomuzzin6@ycombinator.com,Bigender,6.176.136.179
836,Gisela,Kirkman,gkirkmann7@google.co.jp,Bigender,135.6.134.203
837,Sancho,Trigg,striggn8@wix.com,Female,49.126.173.172
838,Temp,Swinbourne,tswinbournen9@uol.com.br,Agender,41.170.122.198
839,Minna,Newsome,mnewsomena@mayoclinic.com,Genderfluid,135.52.116.250
840,Samaria,Anten,santennb@fc2.com,Non-binary,238.175.172.210
841,Debbi,Trowbridge,dtrowbridgenc@wikipedia.org,Genderqueer,178.195.29.237
842,Roderigo,Grint,rgrintnd@sourceforge.net,Male,152.109.20.156
843,Sorcha,Miskelly,smiskellyne@hao123.com,Genderfluid,93.8.29.55
844,Genovera,Beaglehole,gbeagleholenf@fda.gov,Polygender,105.166.161.53
845,Jerald,Alwen,jalwenng@freewebs.com,Agender,233.233.8.29
846,Guido,Meany,gmeanynh@wiley.com,Polygender,147.187.165.119
847,Imogene,Honnicott,ihonnicottni@taobao.com,Agender,13.251.32.229
848,Reuven,Birnie,rbirnienj@cisco.com,Polygender,12.239.226.70
849,Vivienne,Schusterl,vschusterlnk@wikispaces.com,Polygender,252.23.229.136
850,Isidora,Edwinson,iedwinsonnl@webs.com,Polygender,123.70.109.232
851,Lavinie,Dorling,ldorlingnm@yahoo.co.jp,Agender,1.177.194.83
852,Sibylla,Folds,sfoldsnn@netvibes.com,Polygender,133.74.218.40
853,Benjie,Manilow,bmanilowno@tumblr.com,Polygender,179.227.189.93
854,Abbot,Fishlock,afishlocknp@eventbrite.com,Genderqueer,215.107.167.218
855,Adoree,Burbank,aburbanknq@psu.edu,Bigender,122.100.8.67
856,Noble,Pollastrino,npollastrinonr@cyberchimps.com,Polygender,193.130.158.204
857,Jammie,Ivashintsov,jivashintsovns@utexas.edu,Female,62.196.121.200
858,Hermy,Van Eeden,hvaneedennt@businesswire.com,Female,35.138.148.178
859,Carline,Ishaki,cishakinu@surveymonkey.com,Agender,61.113.81.208
860,Tibold,Ellice,tellicenv@fema.gov,Male,27.162.140.197
861,Isac,Foister,ifoisternw@sun.com,Genderfluid,76.181.30.65
862,Celene,Adnams,cadnamsnx@utexas.edu,Male,27.131.230.6
863,Stavro,Korpal,skorpalny@amazon.com,Female,72.213.2.130
864,Tally,Bamborough,tbamboroughnz@123-reg.co.uk,Polygender,78.0.110.187
865,Briney,Cuberley,bcuberleyo0@goo.gl,Male,39.222.191.30
866,Heidi,Rentoll,hrentollo1@home.pl,Genderfluid,88.182.196.150
867,Kele,Siely,ksielyo2@baidu.com,Non-binary,149.14.34.71
868,Lib,Peschka,lpeschkao3@craigslist.org,Female,7.202.61.209
869,Arron,Sponer,asponero4@nature.com,Male,189.222.65.159
870,Taber,Ibert,tiberto5@squarespace.com,Genderfluid,180.210.50.28
871,Nancey,Braven,nbraveno6@vkontakte.ru,Genderqueer,2.218.142.108
872,Niven,Attwell,nattwello7@marketwatch.com,Bigender,56.82.111.208
873,Kathrine,Gludor,kgludoro8@bloomberg.com,Polygender,159.51.223.106
874,Sloane,Condict,scondicto9@myspace.com,Genderqueer,19.55.141.57
875,Natalee,McKim,nmckimoa@nhs.uk,Bigender,56.42.63.170
876,Thorvald,Roset,trosetob@disqus.com,Genderfluid,208.151.59.103
877,Daune,Hedworth,dhedworthoc@edublogs.org,Agender,254.79.22.237
878,Asia,Bowton,abowtonod@zdnet.com,Non-binary,43.210.91.130
879,Susy,Arnell,sarnelloe@ebay.co.uk,Non-binary,33.247.171.198
880,Hewie,Danilovitch,hdanilovitchof@omniture.com,Agender,39.207.205.95
881,Aleksandr,Stobbs,astobbsog@macromedia.com,Genderqueer,188.59.171.196
882,Whitby,Batson,wbatsonoh@domainmarket.com,Male,165.24.207.180
883,Garrot,Secker,gseckeroi@thetimes.co.uk,Genderfluid,52.145.179.199
884,Maura,Doyle,mdoyleoj@jimdo.com,Agender,49.213.39.54
885,Alexina,Blakeden,ablakedenok@loc.gov,Female,157.169.54.222
886,Betti,Aristide,baristideol@nyu.edu,Male,251.52.92.162
887,Guillema,Leipelt,gleipeltom@ocn.ne.jp,Agender,39.9.110.70
888,Derek,Brede,dbredeon@theatlantic.com,Non-binary,116.153.47.169
889,Lucky,Varran,lvarranoo@unesco.org,Genderqueer,112.67.144.5
890,Carine,Greenman,cgreenmanop@prlog.org,Female,231.190.117.188
891,Art,Rainsdon,arainsdonoq@xrea.com,Female,62.74.139.140
892,Micah,Petry,mpetryor@networksolutions.com,Agender,203.172.107.142
893,Ward,Acreman,wacremanos@goodreads.com,Genderfluid,196.111.134.121
894,Pietrek,Cluet,pcluetot@rediff.com,Non-binary,46.124.125.1
895,Rena,Shimuk,rshimukou@theatlantic.com,Genderfluid,141.212.64.41
896,Donalt,Roe,droeov@linkedin.com,Non-binary,221.247.152.239
897,Charo,Petera,cpeteraow@ftc.gov,Male,7.190.24.183
898,Jemie,Havoc,jhavocox@imdb.com,Non-binary,96.36.118.152
899,Drugi,Graben,dgrabenoy@lulu.com,Polygender,126.32.115.249
900,Jillene,Bennetto,jbennettooz@pagesperso-orange.fr,Male,6.244.206.234
901,Lori,Loker,llokerp0@trellian.com,Bigender,93.124.80.217
902,Mahmoud,Westmore,mwestmorep1@uol.com.br,Polygender,39.208.158.212
903,Mendie,Starsmeare,mstarsmearep2@wikipedia.org,Bigender,5.50.112.225
904,Dexter,Spurrier,dspurrierp3@smugmug.com,Bigender,211.114.204.68
905,Gweneth,Barge,gbargep4@google.pl,Bigender,246.194.168.255
906,Keri,O'Sheeryne,kosheerynep5@ifeng.com,Polygender,118.229.69.23
907,Benedikta,Hartfield,bhartfieldp6@answers.com,Polygender,227.121.11.252
908,Dalila,Grainger,dgraingerp7@flavors.me,Genderfluid,93.142.170.127
909,Valera,Lepope,vlepopep8@gizmodo.com,Genderqueer,249.25.26.131
910,Ariana,Freeland,afreelandp9@va.gov,Male,176.29.102.92
911,Tessi,Bedome,tbedomepa@domainmarket.com,Genderfluid,39.99.140.38
912,Leeland,Folks,lfolkspb@yolasite.com,Bigender,38.153.191.165
913,Elsworth,Gilluley,egilluleypc@umn.edu,Female,77.254.155.153
914,Thurstan,Rowlett,trowlettpd@tmall.com,Agender,28.156.171.85
915,John,Linton,jlintonpe@surveymonkey.com,Non-binary,247.44.56.37
916,Aubrey,Lindermann,alindermannpf@unicef.org,Female,204.169.138.201
917,Thorn,Lockney,tlockneypg@nationalgeographic.com,Female,34.17.218.25
918,Hedwig,Josiah,hjosiahph@blogs.com,Non-binary,189.163.188.130
919,Zeb,Figgen,zfiggenpi@theguardian.com,Non-binary,187.109.8.34
920,Denys,Knightsbridge,dknightsbridgepj@narod.ru,Genderfluid,232.111.173.237
921,Janene,Itzhaki,jitzhakipk@t.co,Polygender,122.223.16.191
922,Saloma,Simpole,ssimpolepl@mail.ru,Bigender,27.216.64.100
923,Jaymie,Crossfield,jcrossfieldpm@blogs.com,Genderfluid,195.250.224.189
924,Vanny,Napolitano,vnapolitanopn@istockphoto.com,Genderfluid,254.220.57.29
925,Aliza,Dressel,adresselpo@flickr.com,Female,132.139.54.226
926,Delbert,Daton,ddatonpp@indiatimes.com,Male,139.188.11.226
927,Rosette,Clipsham,rclipshampq@economist.com,Non-binary,242.168.154.113
928,Sibyl,Luquet,sluquetpr@ustream.tv,Genderqueer,242.179.54.61
929,Starlin,Venmore,svenmoreps@vkontakte.ru,Male,212.53.171.204
930,Ashia,Branno,abrannopt@nytimes.com,Genderqueer,154.236.166.88
931,Talyah,Chainey,tchaineypu@dailymotion.com,Male,33.96.185.222
932,Kore,Brisco,kbriscopv@squarespace.com,Genderqueer,147.103.229.218
933,Codi,Gimenez,cgimenezpw@tripod.com,Bigender,59.56.228.118
934,Dorian,Stonard,dstonardpx@github.io,Non-binary,179.235.206.234
935,Harley,Plaskett,hplaskettpy@discovery.com,Polygender,204.115.119.14
936,Haleigh,Joannet,hjoannetpz@storify.com,Agender,130.172.158.244
937,Marcie,Mullett,mmullettq0@facebook.com,Polygender,142.13.208.20
938,Taylor,Iverson,tiversonq1@bloglovin.com,Polygender,67.198.158.32
939,Lemar,Chilcott,lchilcottq2@blog.com,Agender,75.48.36.6
940,Rupert,Bleibaum,rbleibaumq3@china.com.cn,Agender,223.19.178.125
941,Leodora,Hanshawe,lhanshaweq4@pbs.org,Bigender,22.44.229.26
942,Francklin,McManamon,fmcmanamonq5@shareasale.com,Genderfluid,154.179.94.16
943,Maxi,Peinton,mpeintonq6@nyu.edu,Bigender,72.46.152.247
944,Dionis,Hillam,dhillamq7@meetup.com,Female,22.127.127.211
945,Antonino,Melior,ameliorq8@photobucket.com,Genderqueer,187.29.53.34
946,Tamra,Caldero,tcalderoq9@mac.com,Genderfluid,253.54.120.181
947,Harry,Da Costa,hdacostaqa@mtv.com,Bigender,159.87.45.250
948,Corissa,Hamshere,chamshereqb@umich.edu,Female,138.91.62.147
949,Linoel,Truswell,ltruswellqc@imgur.com,Male,77.157.32.28
950,Alexandra,Pauncefort,apauncefortqd@fc2.com,Polygender,140.36.159.210
951,Nat,Rugg,nruggqe@lycos.com,Bigender,24.46.66.162
952,Susi,Grogono,sgrogonoqf@google.it,Female,133.241.194.185
953,Cristine,Matessian,cmatessianqg@hubpages.com,Female,47.41.202.234
954,Spence,Boakes,sboakesqh@fastcompany.com,Genderqueer,59.56.21.230
955,Monah,Parlot,mparlotqi@chron.com,Polygender,51.112.142.115
956,Cariotta,Livings,clivingsqj@discuz.net,Bigender,136.125.190.103
957,Sib,Pilcher,spilcherqk@ftc.gov,Non-binary,187.144.56.42
958,Harri,Irons,hironsql@soundcloud.com,Non-binary,128.21.181.219
959,Ernestine,Dunphie,edunphieqm@bloglines.com,Non-binary,153.180.157.102
960,Daryn,Sumpter,dsumpterqn@moonfruit.com,Male,31.3.112.251
961,Galven,Glassman,gglassmanqo@unc.edu,Genderfluid,17.20.217.137
962,Vale,Heggie,vheggieqp@jigsy.com,Non-binary,139.111.137.1
963,Barb,Carne,bcarneqq@bbc.co.uk,Non-binary,249.71.95.85
964,Anthe,Bachs,abachsqr@is.gd,Bigender,131.129.69.129
965,Dan,Hast,dhastqs@ocn.ne.jp,Male,171.28.208.166
966,Alric,Segar,asegarqt@cam.ac.uk,Genderqueer,225.223.51.10
967,Ervin,Firks,efirksqu@comsenz.com,Genderfluid,35.118.126.38
968,Ysabel,Stebbins,ystebbinsqv@time.com,Genderqueer,193.28.180.218
969,Dukie,Fritchly,dfritchlyqw@patch.com,Genderqueer,177.207.108.151
970,Aron,Blakesley,ablakesleyqx@kickstarter.com,Genderfluid,170.140.47.159
971,Ronnica,Raubenheimer,rraubenheimerqy@fda.gov,Bigender,109.50.144.247
972,Pascale,McGlynn,pmcglynnqz@whitehouse.gov,Female,230.192.123.64
973,Erasmus,Warton,ewartonr0@so-net.ne.jp,Polygender,155.189.189.148
974,Joyan,Bunnell,jbunnellr1@nymag.com,Female,111.254.173.17
975,Cassey,Raimbauld,craimbauldr2@bravesites.com,Female,129.8.226.167
976,Melisa,Meeke,mmeeker3@tripod.com,Bigender,233.94.186.42
977,Sigfrid,Connock,sconnockr4@upenn.edu,Male,161.182.160.130
978,Diannne,Speller,dspellerr5@theatlantic.com,Female,195.195.44.175
979,Eddy,Drance,edrancer6@hhs.gov,Female,150.73.100.238
980,Stephani,Wavell,swavellr7@timesonline.co.uk,Bigender,111.150.52.250
981,Patricio,Kerrey,pkerreyr8@ow.ly,Female,242.249.237.210
982,Sherman,Kettley,skettleyr9@craigslist.org,Male,141.194.107.52
983,Jim,Greenley,jgreenleyra@columbia.edu,Bigender,64.73.168.70
984,Mala,Murtagh,mmurtaghrb@answers.com,Bigender,189.226.227.180
985,Renate,Gunney,rgunneyrc@ycombinator.com,Male,86.215.167.104
986,Cameron,Phinnessy,cphinnessyrd@creativecommons.org,Polygender,81.224.41.155
987,Evonne,Houndson,ehoundsonre@hubpages.com,Non-binary,60.40.5.25
988,Carree,Sargison,csargisonrf@vinaora.com,Genderqueer,219.121.124.244
989,Mona,Bennetts,mbennettsrg@t-online.de,Genderqueer,189.75.66.52
990,Cam,Rosetti,crosettirh@mit.edu,Genderqueer,18.54.11.98
991,Wilburt,Pichan,wpichanri@state.gov,Bigender,46.129.117.183
992,Purcell,Huskinson,phuskinsonrj@yellowbook.com,Non-binary,4.141.66.142
993,Nikolas,Bredgeland,nbredgelandrk@furl.net,Genderqueer,16.197.22.103
994,Elliott,Brach,ebrachrl@dedecms.com,Genderfluid,164.77.106.47
995,Hubey,Doxsey,hdoxseyrm@typepad.com,Non-binary,51.206.227.78
996,Ebony,Farry,efarryrn@edublogs.org,Genderqueer,20.231.160.253
997,Harri,Mullenger,hmullengerro@mozilla.com,Female,182.161.209.237
998,Kimmie,Jahnke,kjahnkerp@gravatar.com,Genderqueer,88.161.117.215
999,Currie,Laborda,clabordarq@telegraph.co.uk,Agender,82.68.205.174
1000,Mufi,Strangeways,mstrangewaysrr@spotify.com,Agender,242.15.126.102
